,Failo URL,TS pavadiniams,Kategorijos,Puslapio URL
0,https://www.litgrid.eu/uploads/files/dir561/dir28/dir1/17_0.php,10 kV kintamos srovės perjungimo ir valdymo įrenginiams metaliniame gaubte (2020-11-18 Nr. 20NU-419),/Pirminiams įrenginiams ir TP savosioms reikmėms/10 kV,https://www.litgrid.eu/index.php/tinklo-pletra/standartiniai-techniniai-reikalavimai/pirminiai-irenginiai-ir-tp-savosios-reikmes/10-kv/31036
1,https://www.litgrid.eu/uploads/files/dir515/dir25/dir1/11_0.php,10 kV statiniams šunto reaktoriams 2018-04-10 NU-99,/Pirminiams įrenginiams ir TP savosioms reikmėms/10 kV,https://www.litgrid.eu/index.php/tinklo-pletra/standartiniai-techniniai-reikalavimai/pirminiai-irenginiai-ir-tp-savosios-reikmes/10-kv/31036
2,https://www.litgrid.eu/uploads/files/dir657/dir32/dir1/14_0.php,"110 kV matavimo transformatoriams su dujų, nesukeliančių visuotinio atšilimo, izoliacija 2022-12-21 Nr. 22NU-471",/Pirminiams įrenginiams ir TP savosioms reikmėms/110 kV,https://www.litgrid.eu/index.php/tinklo-pletra/standartiniai-techniniai-reikalavimai/pirminiai-irenginiai-ir-tp-savosios-reikmes/110-kv/31024
3,https://www.litgrid.eu/uploads/files/dir657/dir32/dir1/13_0.php,"110 kV jungtuvams su dujų, nesukeliančių visuotinio atšilimo, izoliacija 2022-12-21 Nr. 22NU-470",/Pirminiams įrenginiams ir TP savosioms reikmėms/110 kV,https://www.litgrid.eu/index.php/tinklo-pletra/standartiniai-techniniai-reikalavimai/pirminiai-irenginiai-ir-tp-savosios-reikmes/110-kv/31024
4,https://www.litgrid.eu/uploads/files/dir655/dir32/dir1/11_0.php,110 kV matavimo transformatoriams 2022-12-06 Nr. 22NU-444,/Pirminiams įrenginiams ir TP savosioms reikmėms/110 kV,https://www.litgrid.eu/index.php/tinklo-pletra/standartiniai-techniniai-reikalavimai/pirminiai-irenginiai-ir-tp-savosios-reikmes/110-kv/31024
5,https://www.litgrid.eu/uploads/files/dir654/dir32/dir1/18_0.php,110 kV polimeriniams strypiniams izoliatoriams 2022-12-08 Nr. 22NU-448,/Pirminiams įrenginiams ir TP savosioms reikmėms/110 kV,https://www.litgrid.eu/index.php/tinklo-pletra/standartiniai-techniniai-reikalavimai/pirminiai-irenginiai-ir-tp-savosios-reikmes/110-kv/31024
6,https://www.litgrid.eu/uploads/files/dir657/dir32/dir1/2_0.php,110 kV ryšio užtvėrikliams 2022-10-27 Nr. 22NU-394,/Pirminiams įrenginiams ir TP savosioms reikmėms/110 kV,https://www.litgrid.eu/index.php/tinklo-pletra/standartiniai-techniniai-reikalavimai/pirminiai-irenginiai-ir-tp-savosios-reikmes/110-kv/31024
7,https://www.litgrid.eu/uploads/files/dir657/dir32/dir1/1_0.php,110 kV ryšio kondensatoriams 2022-10-31 Nr. 22NU-399,/Pirminiams įrenginiams ir TP savosioms reikmėms/110 kV,https://www.litgrid.eu/index.php/tinklo-pletra/standartiniai-techniniai-reikalavimai/pirminiai-irenginiai-ir-tp-savosios-reikmes/110-kv/31024
8,https://www.litgrid.eu/uploads/files/dir615/dir30/dir1/10_0.php,110 kV kompaktiniams mišrios technologijos komutaciniams įrenginiams 2022-07-28 Nr. 22NU-279,/Pirminiams įrenginiams ir TP savosioms reikmėms/110 kV,https://www.litgrid.eu/index.php/tinklo-pletra/standartiniai-techniniai-reikalavimai/pirminiai-irenginiai-ir-tp-savosios-reikmes/110-kv/31024
9,https://www.litgrid.eu/uploads/files/dir615/dir30/dir1/12_0.php,110 kV skyrikliams 2022-07-27 Nr. 22NU-277,/Pirminiams įrenginiams ir TP savosioms reikmėms/110 kV,https://www.litgrid.eu/index.php/tinklo-pletra/standartiniai-techniniai-reikalavimai/pirminiai-irenginiai-ir-tp-savosios-reikmes/110-kv/31024
10,https://www.litgrid.eu/uploads/files/dir615/dir30/dir1/4_0.php,400-110 kV vamzdiniams laidininkams 2022-07-26 Nr. 22NU-276,/Pirminiams įrenginiams ir TP savosioms reikmėms/110 kV,https://www.litgrid.eu/index.php/tinklo-pletra/standartiniai-techniniai-reikalavimai/pirminiai-irenginiai-ir-tp-savosios-reikmes/110-kv/31024
11,https://www.litgrid.eu/uploads/files/dir576/dir28/dir1/14_0.php,110 kV 2kl ribotuvams 2021-06-15 Nr. 21NU-194,/Pirminiams įrenginiams ir TP savosioms reikmėms/110 kV,https://www.litgrid.eu/index.php/tinklo-pletra/standartiniai-techniniai-reikalavimai/pirminiai-irenginiai-ir-tp-savosios-reikmes/110-kv/31024
12,https://www.litgrid.eu/uploads/files/dir576/dir28/dir1/15_0.php,110 kV 3kl ribotuvams 2021-06-15 Nr. 21NU-194,/Pirminiams įrenginiams ir TP savosioms reikmėms/110 kV,https://www.litgrid.eu/index.php/tinklo-pletra/standartiniai-techniniai-reikalavimai/pirminiai-irenginiai-ir-tp-savosios-reikmes/110-kv/31024
13,https://www.litgrid.eu/uploads/files/dir576/dir28/dir1/12_0.php,110kV viršitampių ribotuvų įrengimui 2021-06-14 Nr. 21NU-191,/Pirminiams įrenginiams ir TP savosioms reikmėms/110 kV,https://www.litgrid.eu/index.php/tinklo-pletra/standartiniai-techniniai-reikalavimai/pirminiai-irenginiai-ir-tp-savosios-reikmes/110-kv/31024
14,https://www.litgrid.eu/uploads/files/dir554/dir27/dir1/16_0.php,400-110 kV pastotėse naudojamiems lankstiems srovėlaidžiams (laidams) (2020-09-18 Nr. 20NU-327),/Pirminiams įrenginiams ir TP savosioms reikmėms/110 kV,https://www.litgrid.eu/index.php/tinklo-pletra/standartiniai-techniniai-reikalavimai/pirminiai-irenginiai-ir-tp-savosios-reikmes/110-kv/31024
15,https://www.litgrid.eu/uploads/files/dir562/dir28/dir1/10_0.php,110 kV dujiniams jungtuvams 2020-11-25 Nr. 20NU-426,/Pirminiams įrenginiams ir TP savosioms reikmėms/110 kV,https://www.litgrid.eu/index.php/tinklo-pletra/standartiniai-techniniai-reikalavimai/pirminiai-irenginiai-ir-tp-savosios-reikmes/110-kv/31024
16,https://www.litgrid.eu/uploads/files/dir565/dir28/dir1/8_0.php,400-330-110 kV pirminių įrenginių prijungimo gnybtams 2020-12-23 Nr. 20NU-474,/Pirminiams įrenginiams ir TP savosioms reikmėms/110 kV,https://www.litgrid.eu/index.php/tinklo-pletra/standartiniai-techniniai-reikalavimai/pirminiai-irenginiai-ir-tp-savosios-reikmes/110-kv/31024
17,https://www.litgrid.eu/uploads/files/dir593/dir29/dir1/17_0.php,110 kV atraminiams izoliatoriams 2021-12-20 Nr. 21 NU-479,/Pirminiams įrenginiams ir TP savosioms reikmėms/110 kV,https://www.litgrid.eu/index.php/tinklo-pletra/standartiniai-techniniai-reikalavimai/pirminiai-irenginiai-ir-tp-savosios-reikmes/110-kv/31024
18,https://www.litgrid.eu/uploads/files/dir512/dir25/dir1/19_0.php,110 kV metaliniame gaubte SF6 izoliuotiems įrenginiams (GIS) 2018-10-05 NU-288,/Pirminiams įrenginiams ir TP savosioms reikmėms/110 kV,https://www.litgrid.eu/index.php/tinklo-pletra/standartiniai-techniniai-reikalavimai/pirminiai-irenginiai-ir-tp-savosios-reikmes/110-kv/31024
19,https://www.litgrid.eu/uploads/files/dir512/dir25/dir1/17_0.php,110 kV SF6 dujų įžeminto gaubto jungtuvams 2016-12-09 NU-314,/Pirminiams įrenginiams ir TP savosioms reikmėms/110 kV,https://www.litgrid.eu/index.php/tinklo-pletra/standartiniai-techniniai-reikalavimai/pirminiai-irenginiai-ir-tp-savosios-reikmes/110-kv/31024
20,https://www.litgrid.eu/uploads/files/dir514/dir25/dir1/10_0.php,400-330-110 kV TP įžeminimo kontūro elementams 2018-06-29 NU-193,/Pirminiams įrenginiams ir TP savosioms reikmėms/110 kV,https://www.litgrid.eu/index.php/tinklo-pletra/standartiniai-techniniai-reikalavimai/pirminiai-irenginiai-ir-tp-savosios-reikmes/110-kv/31024
21,https://www.litgrid.eu/uploads/files/dir514/dir25/dir1/11_0.php,400-330-110 kV TP įžeminimo kontūro įrengimui 2018-06-29 NU-193,/Pirminiams įrenginiams ir TP savosioms reikmėms/110 kV,https://www.litgrid.eu/index.php/tinklo-pletra/standartiniai-techniniai-reikalavimai/pirminiai-irenginiai-ir-tp-savosios-reikmes/110-kv/31024
22,https://www.litgrid.eu/uploads/files/dir514/dir25/dir1/7_0.php,Techninių duomenų lentelems 2019-12-19 19NU-464,/Pirminiams įrenginiams ir TP savosioms reikmėms/110 kV,https://www.litgrid.eu/index.php/tinklo-pletra/standartiniai-techniniai-reikalavimai/pirminiai-irenginiai-ir-tp-savosios-reikmes/110-kv/31024
23,https://www.litgrid.eu/uploads/files/dir655/dir32/dir1/12_0.php,330 kV matavimo transformatoriams 2022-12-06 Nr. 22NU-444,/Pirminiams įrenginiams ir TP savosioms reikmėms/330 kV,https://www.litgrid.eu/index.php/tinklo-pletra/standartiniai-techniniai-reikalavimai/pirminiai-irenginiai-ir-tp-savosios-reikmes/330-kv/31033
24,https://www.litgrid.eu/uploads/files/dir654/dir32/dir1/19_0.php,400-330 kV polimeriniams strypiniams izoliatoriams 2022-12-08 Nr. 22NU-448,/Pirminiams įrenginiams ir TP savosioms reikmėms/330 kV,https://www.litgrid.eu/index.php/tinklo-pletra/standartiniai-techniniai-reikalavimai/pirminiai-irenginiai-ir-tp-savosios-reikmes/330-kv/31033
25,https://www.litgrid.eu/uploads/files/dir657/dir32/dir1/4_0.php,330 kV ryšio užtvėrikliams 2022-10-27 Nr. 22NU-394,/Pirminiams įrenginiams ir TP savosioms reikmėms/330 kV,https://www.litgrid.eu/index.php/tinklo-pletra/standartiniai-techniniai-reikalavimai/pirminiai-irenginiai-ir-tp-savosios-reikmes/330-kv/31033
26,https://www.litgrid.eu/uploads/files/dir657/dir32/dir1/3_0.php,330 kV ryšio kondensatoriams 2022-10-31 Nr. 22NU-399,/Pirminiams įrenginiams ir TP savosioms reikmėms/330 kV,https://www.litgrid.eu/index.php/tinklo-pletra/standartiniai-techniniai-reikalavimai/pirminiai-irenginiai-ir-tp-savosios-reikmes/330-kv/31033
27,https://www.litgrid.eu/uploads/files/dir615/dir30/dir1/13_0.php,330 kV skyrikliams 2022-07-27 Nr. 22NU-277,/Pirminiams įrenginiams ir TP savosioms reikmėms/330 kV,https://www.litgrid.eu/index.php/tinklo-pletra/standartiniai-techniniai-reikalavimai/pirminiai-irenginiai-ir-tp-savosios-reikmes/330-kv/31033
28,https://www.litgrid.eu/uploads/files/dir615/dir30/dir1/5_0.php,400-110 kV vamzdiniams laidininkams 2022-07-26 Nr. 22NU-276,/Pirminiams įrenginiams ir TP savosioms reikmėms/330 kV,https://www.litgrid.eu/index.php/tinklo-pletra/standartiniai-techniniai-reikalavimai/pirminiai-irenginiai-ir-tp-savosios-reikmes/330-kv/31033
29,https://www.litgrid.eu/uploads/files/dir587/dir29/dir1/13_0.php,330/110/10 kV autotransformatoriams 2021-10-27 Nr. 21NU-390,/Pirminiams įrenginiams ir TP savosioms reikmėms/330 kV,https://www.litgrid.eu/index.php/tinklo-pletra/standartiniai-techniniai-reikalavimai/pirminiai-irenginiai-ir-tp-savosios-reikmes/330-kv/31033
30,https://www.litgrid.eu/uploads/files/dir577/dir28/dir1/1_0.php,330 kV 4kl ribotuvams 2021-06-15 Nr. 21NU-194,/Pirminiams įrenginiams ir TP savosioms reikmėms/330 kV,https://www.litgrid.eu/index.php/tinklo-pletra/standartiniai-techniniai-reikalavimai/pirminiai-irenginiai-ir-tp-savosios-reikmes/330-kv/31033
31,https://www.litgrid.eu/uploads/files/dir577/dir28/dir1/0_0.php,330 kV 3kl ribotuvams 2021-06-15 Nr. 21NU-194,/Pirminiams įrenginiams ir TP savosioms reikmėms/330 kV,https://www.litgrid.eu/index.php/tinklo-pletra/standartiniai-techniniai-reikalavimai/pirminiai-irenginiai-ir-tp-savosios-reikmes/330-kv/31033
32,https://www.litgrid.eu/uploads/files/dir576/dir28/dir1/13_0.php,330kV viršitampių ribotuvų irengimui 2021-06-14 Nr. 21NU-191,/Pirminiams įrenginiams ir TP savosioms reikmėms/330 kV,https://www.litgrid.eu/index.php/tinklo-pletra/standartiniai-techniniai-reikalavimai/pirminiai-irenginiai-ir-tp-savosios-reikmes/330-kv/31033
33,https://www.litgrid.eu/uploads/files/dir554/dir27/dir1/17_0.php,400-110 kV pastotėse naudojamiems lankstiems srovėlaidžiams (laidams) (2020-09-18 Nr. 20NU-327),/Pirminiams įrenginiams ir TP savosioms reikmėms/330 kV,https://www.litgrid.eu/index.php/tinklo-pletra/standartiniai-techniniai-reikalavimai/pirminiai-irenginiai-ir-tp-savosios-reikmes/330-kv/31033
34,https://www.litgrid.eu/uploads/files/dir546/dir27/dir1/14_0.php,Galios transformatoriaus alyvoje ištirpusių dujų kiekio monitoringo įrangai 2020-07-27 Nr. 20NU-245,/Pirminiams įrenginiams ir TP savosioms reikmėms/330 kV,https://www.litgrid.eu/index.php/tinklo-pletra/standartiniai-techniniai-reikalavimai/pirminiai-irenginiai-ir-tp-savosios-reikmes/330-kv/31033
35,https://www.litgrid.eu/uploads/files/dir562/dir28/dir1/5_0.php,330 kV dujiniams jungtuvams 2020-11-25 Nr. 20NU-426,/Pirminiams įrenginiams ir TP savosioms reikmėms/330 kV,https://www.litgrid.eu/index.php/tinklo-pletra/standartiniai-techniniai-reikalavimai/pirminiai-irenginiai-ir-tp-savosios-reikmes/330-kv/31033
36,https://www.litgrid.eu/uploads/files/dir593/dir29/dir1/18_0.php,330 kV atraminiams izoliatoriams 2021-12-20 Nr. 21NU-479,/Pirminiams įrenginiams ir TP savosioms reikmėms/330 kV,https://www.litgrid.eu/index.php/tinklo-pletra/standartiniai-techniniai-reikalavimai/pirminiai-irenginiai-ir-tp-savosios-reikmes/330-kv/31033
37,https://www.litgrid.eu/uploads/files/dir565/dir28/dir1/9_0.php,400-330-110 kV pirminių įrenginių prijungimo gnybtams 2020-12-23 Nr. 20NU-474,/Pirminiams įrenginiams ir TP savosioms reikmėms/330 kV,https://www.litgrid.eu/index.php/tinklo-pletra/standartiniai-techniniai-reikalavimai/pirminiai-irenginiai-ir-tp-savosios-reikmes/330-kv/31033
38,https://www.litgrid.eu/uploads/files/dir514/dir25/dir1/17_0.php,400/330/110 kV TP įžeminimo kontūro elementams 2018-06-29 Nr. NU-193,/Pirminiams įrenginiams ir TP savosioms reikmėms/330 kV,https://www.litgrid.eu/index.php/tinklo-pletra/standartiniai-techniniai-reikalavimai/pirminiai-irenginiai-ir-tp-savosios-reikmes/330-kv/31033
39,https://www.litgrid.eu/uploads/files/dir514/dir25/dir1/18_0.php,400-330-110 kV TP įžeminimo kontūro įrengimui 2018-06-29 NU-193,/Pirminiams įrenginiams ir TP savosioms reikmėms/330 kV,https://www.litgrid.eu/index.php/tinklo-pletra/standartiniai-techniniai-reikalavimai/pirminiai-irenginiai-ir-tp-savosios-reikmes/330-kv/31033
40,https://www.litgrid.eu/uploads/files/dir514/dir25/dir1/8_0.php,Techninių duomenų lentelėms 2019-12-19 19NU-464,/Pirminiams įrenginiams ir TP savosioms reikmėms/330 kV,https://www.litgrid.eu/index.php/tinklo-pletra/standartiniai-techniniai-reikalavimai/pirminiai-irenginiai-ir-tp-savosios-reikmes/330-kv/31033
41,https://www.litgrid.eu/uploads/files/dir655/dir32/dir1/13_0.php,400 kV matavimo transformatoriams 2022-12-06 Nr. 22NU-444,/Pirminiams įrenginiams ir TP savosioms reikmėms/400 kV,https://www.litgrid.eu/index.php/tinklo-pletra/standartiniai-techniniai-reikalavimai/pirminiai-irenginiai-ir-tp-savosios-reikmes/400-kv-/31034
42,https://www.litgrid.eu/uploads/files/dir657/dir32/dir1/6_0.php,400 kV ryšio užtvėrikliams 2022-10-27 Nr. 22NU-394,/Pirminiams įrenginiams ir TP savosioms reikmėms/400 kV,https://www.litgrid.eu/index.php/tinklo-pletra/standartiniai-techniniai-reikalavimai/pirminiai-irenginiai-ir-tp-savosios-reikmes/400-kv-/31034
43,https://www.litgrid.eu/uploads/files/dir657/dir32/dir1/5_0.php,400 kV ryšio kondensatoriams 2022-10-31 Nr. 22NU-399,/Pirminiams įrenginiams ir TP savosioms reikmėms/400 kV,https://www.litgrid.eu/index.php/tinklo-pletra/standartiniai-techniniai-reikalavimai/pirminiai-irenginiai-ir-tp-savosios-reikmes/400-kv-/31034
44,https://www.litgrid.eu/uploads/files/dir615/dir30/dir1/14_0.php,"400 kV skyrikliams 2022-07-27 Nr, 22NU-277",/Pirminiams įrenginiams ir TP savosioms reikmėms/400 kV,https://www.litgrid.eu/index.php/tinklo-pletra/standartiniai-techniniai-reikalavimai/pirminiai-irenginiai-ir-tp-savosios-reikmes/400-kv-/31034
45,https://www.litgrid.eu/uploads/files/dir615/dir30/dir1/6_0.php,400-110 kV vamzdiniams laidininkams 2022-07-26 Nr. 22NU-276,/Pirminiams įrenginiams ir TP savosioms reikmėms/400 kV,https://www.litgrid.eu/index.php/tinklo-pletra/standartiniai-techniniai-reikalavimai/pirminiai-irenginiai-ir-tp-savosios-reikmes/400-kv-/31034
46,https://www.litgrid.eu/uploads/files/dir555/dir27/dir1/0_0.php,400-110 kV pastotėse naudojamiems lankstiems srovėlaidžiams (laidams) (2020-09-18 Nr. 20NU-327),/Pirminiams įrenginiams ir TP savosioms reikmėms/400 kV,https://www.litgrid.eu/index.php/tinklo-pletra/standartiniai-techniniai-reikalavimai/pirminiai-irenginiai-ir-tp-savosios-reikmes/400-kv-/31034
47,https://www.litgrid.eu/uploads/files/dir562/dir28/dir1/6_0.php,400 kV dujiniams jungtuvams 2020-11-25 Nr. 20NU-426,/Pirminiams įrenginiams ir TP savosioms reikmėms/400 kV,https://www.litgrid.eu/index.php/tinklo-pletra/standartiniai-techniniai-reikalavimai/pirminiai-irenginiai-ir-tp-savosios-reikmes/400-kv-/31034
48,https://www.litgrid.eu/uploads/files/dir593/dir29/dir1/19_0.php,400 kV atraminiams izoliatoriams 2021-12-20 Nr. 21NU-479,/Pirminiams įrenginiams ir TP savosioms reikmėms/400 kV,https://www.litgrid.eu/index.php/tinklo-pletra/standartiniai-techniniai-reikalavimai/pirminiai-irenginiai-ir-tp-savosios-reikmes/400-kv-/31034
49,https://www.litgrid.eu/uploads/files/dir565/dir28/dir1/10_0.php,400-330-110 kV pirminių įrenginių prijungimo gnybtams 2020-12-23 Nr. 20NU-474,/Pirminiams įrenginiams ir TP savosioms reikmėms/400 kV,https://www.litgrid.eu/index.php/tinklo-pletra/standartiniai-techniniai-reikalavimai/pirminiai-irenginiai-ir-tp-savosios-reikmes/400-kv-/31034
50,https://www.litgrid.eu/uploads/files/dir514/dir25/dir1/19_0.php,400-330-110 kV TP įžeminimo kontūro elementams 2018-06-29 NU-193,/Pirminiams įrenginiams ir TP savosioms reikmėms/400 kV,https://www.litgrid.eu/index.php/tinklo-pletra/standartiniai-techniniai-reikalavimai/pirminiai-irenginiai-ir-tp-savosios-reikmes/400-kv-/31034
51,https://www.litgrid.eu/uploads/files/dir515/dir25/dir1/0_0.php,400-330-110 kV TP įžeminimo kontūro įrengimui 2018-06-29 NU-193,/Pirminiams įrenginiams ir TP savosioms reikmėms/400 kV,https://www.litgrid.eu/index.php/tinklo-pletra/standartiniai-techniniai-reikalavimai/pirminiai-irenginiai-ir-tp-savosios-reikmes/400-kv-/31034
52,https://www.litgrid.eu/uploads/files/dir514/dir25/dir1/9_0.php,Techninių duomenų lentelėms 2019-12-19 19NU-464,/Pirminiams įrenginiams ir TP savosioms reikmėms/400 kV,https://www.litgrid.eu/index.php/tinklo-pletra/standartiniai-techniniai-reikalavimai/pirminiai-irenginiai-ir-tp-savosios-reikmes/400-kv-/31034
53,https://www.litgrid.eu/uploads/files/dir588/dir29/dir1/7_0.php,Stacionarių akumuliatorių baterijų įrengimui spintose 2021-10-27 Nr. 21NU-392,/Pirminiams įrenginiams ir TP savosioms reikmėms/TP savosios reikmės,https://www.litgrid.eu/index.php/tinklo-pletra/standartiniai-techniniai-reikalavimai/pirminiai-irenginiai-ir-tp-savosios-reikmes/tp-savosioms-reikmems/31035
54,https://www.litgrid.eu/uploads/files/dir587/dir29/dir1/15_0.php,Stacionariosioms akumuliatorių baterijoms 2021-10-27 Nr. 21NU-391,/Pirminiams įrenginiams ir TP savosioms reikmėms/TP savosios reikmės,https://www.litgrid.eu/index.php/tinklo-pletra/standartiniai-techniniai-reikalavimai/pirminiai-irenginiai-ir-tp-savosios-reikmes/tp-savosioms-reikmems/31035
55,https://www.litgrid.eu/uploads/files/dir546/dir27/dir1/18_0.php,"10-0,4 KV savųjų reikmių maitinimo galios transformatoriams 2020-07-27 Nr. 20NU-243",/Pirminiams įrenginiams ir TP savosioms reikmėms/TP savosios reikmės,https://www.litgrid.eu/index.php/tinklo-pletra/standartiniai-techniniai-reikalavimai/pirminiai-irenginiai-ir-tp-savosios-reikmes/tp-savosioms-reikmems/31035
56,https://www.litgrid.eu/uploads/files/dir528/dir26/dir1/0_0.php,Pastočių savųjų reikmių avarinio maitinimo generatoriams techninio projekto techninių specifikacijų formoje 2020-05-13 20NU-140,/Pirminiams įrenginiams ir TP savosioms reikmėms/TP savosios reikmės,https://www.litgrid.eu/index.php/tinklo-pletra/standartiniai-techniniai-reikalavimai/pirminiai-irenginiai-ir-tp-savosios-reikmes/tp-savosioms-reikmems/31035
57,https://www.litgrid.eu/uploads/files/dir515/dir25/dir1/7_0.php,TP ir skirstyklų savųjų reikmių maitinimui 2017-05-10 NU-91,/Pirminiams įrenginiams ir TP savosioms reikmėms/TP savosios reikmės,https://www.litgrid.eu/index.php/tinklo-pletra/standartiniai-techniniai-reikalavimai/pirminiai-irenginiai-ir-tp-savosios-reikmes/tp-savosioms-reikmems/31035
58,https://www.litgrid.eu/uploads/files/dir515/dir25/dir1/3_0.php,Kintamosios srovės savųjų reikmių skydui 2018-05-18 NU-140,/Pirminiams įrenginiams ir TP savosioms reikmėms/TP savosios reikmės,https://www.litgrid.eu/index.php/tinklo-pletra/standartiniai-techniniai-reikalavimai/pirminiai-irenginiai-ir-tp-savosios-reikmes/tp-savosioms-reikmems/31035
59,https://www.litgrid.eu/uploads/files/dir515/dir25/dir1/4_0.php,Nuolatinės srovės savųjų reikmių skydui 2018-05-18 NU-140,/Pirminiams įrenginiams ir TP savosioms reikmėms/TP savosios reikmės,https://www.litgrid.eu/index.php/tinklo-pletra/standartiniai-techniniai-reikalavimai/pirminiai-irenginiai-ir-tp-savosios-reikmes/tp-savosioms-reikmems/31035
60,https://www.litgrid.eu/uploads/files/dir515/dir25/dir1/2_0.php,Akumuliatorių baterijų įkrovikliamas 2017-05-10 NU-88,/Pirminiams įrenginiams ir TP savosioms reikmėms/TP savosios reikmės,https://www.litgrid.eu/index.php/tinklo-pletra/standartiniai-techniniai-reikalavimai/pirminiai-irenginiai-ir-tp-savosios-reikmes/tp-savosioms-reikmems/31035
61,https://www.litgrid.eu/uploads/files/dir655/dir32/dir1/5_0.php,400-330 kV polimeriniams strypiniams izoliatoriams 2022-12-08 Nr. 22NU-448,/Elektros perdavimo linijoms/400-110 kV įtampos oro linijos,https://www.litgrid.eu/index.php/tinklo-pletra/standartiniai-techniniai-reikalavimai/elektros-perdavimo-linijos/400-110-kv-itampos-oro-linijos/31104
62,https://www.litgrid.eu/uploads/files/dir655/dir32/dir1/4_0.php,110 kV polimeriniams strypiniams izoliatoriams 2022-12-08 Nr. 22NU-448,/Elektros perdavimo linijoms/400-110 kV įtampos oro linijos,https://www.litgrid.eu/index.php/tinklo-pletra/standartiniai-techniniai-reikalavimai/elektros-perdavimo-linijos/400-110-kv-itampos-oro-linijos/31104
63,https://www.litgrid.eu/uploads/files/dir616/dir30/dir1/4_0.php,110 kV įtampos oro linijų stiklinių izoliatorių girliandų sudėčiai (2022-07-22 Nr. 22NU-275),/Elektros perdavimo linijoms/400-110 kV įtampos oro linijos,https://www.litgrid.eu/index.php/tinklo-pletra/standartiniai-techniniai-reikalavimai/elektros-perdavimo-linijos/400-110-kv-itampos-oro-linijos/31104
64,https://www.litgrid.eu/uploads/files/dir615/dir30/dir1/2_0.php,400-330 kV įtampos oro linijų stiklinių izoliatorių girliandų sudėčiai (2022-07-22 Nr. 22NU-275),/Elektros perdavimo linijoms/400-110 kV įtampos oro linijos,https://www.litgrid.eu/index.php/tinklo-pletra/standartiniai-techniniai-reikalavimai/elektros-perdavimo-linijos/400-110-kv-itampos-oro-linijos/31104
65,https://www.litgrid.eu/uploads/files/dir559/dir27/dir1/17_0.php,400-110 kV įtampos oro linijų atramų ženklinimui (2020-11-05 Nr. 20NU-402),/Elektros perdavimo linijoms/400-110 kV įtampos oro linijos,https://www.litgrid.eu/index.php/tinklo-pletra/standartiniai-techniniai-reikalavimai/elektros-perdavimo-linijos/400-110-kv-itampos-oro-linijos/31104
66,https://www.litgrid.eu/uploads/files/dir529/dir26/dir1/7_0.php,400-110 kV įtampos oro linijų neizoliuotiems aliumininiams su plieninių vijų šerdimi laidams (2020-05-29 Nr. 20NU-183),/Elektros perdavimo linijoms/400-110 kV įtampos oro linijos,https://www.litgrid.eu/index.php/tinklo-pletra/standartiniai-techniniai-reikalavimai/elektros-perdavimo-linijos/400-110-kv-itampos-oro-linijos/31104
67,https://www.litgrid.eu/uploads/files/dir529/dir26/dir1/8_0.php,330-110 kV įtampos oro linijų stikliniams lėkštiniams izoliatoriams (2020-05-15 Nr. 20NU-151),/Elektros perdavimo linijoms/400-110 kV įtampos oro linijos,https://www.litgrid.eu/index.php/tinklo-pletra/standartiniai-techniniai-reikalavimai/elektros-perdavimo-linijos/400-110-kv-itampos-oro-linijos/31104
68,https://www.litgrid.eu/uploads/files/dir529/dir26/dir1/12_0.php,400-330 kV įtampos oro linijų izoliatorių girliandų apsauginiams žiedams (2020-05-13 Nr. 20NU-139),/Elektros perdavimo linijoms/400-110 kV įtampos oro linijos,https://www.litgrid.eu/index.php/tinklo-pletra/standartiniai-techniniai-reikalavimai/elektros-perdavimo-linijos/400-110-kv-itampos-oro-linijos/31104
69,https://www.litgrid.eu/uploads/files/dir529/dir26/dir1/13_0.php,400-110 kV įtampos oro linijų žaibosaugos trosui su šviesolaidiniu kabeliu (ŽTŠK) (2015-07-29 Nr. NU-97),/Elektros perdavimo linijoms/400-110 kV įtampos oro linijos,https://www.litgrid.eu/index.php/tinklo-pletra/standartiniai-techniniai-reikalavimai/elektros-perdavimo-linijos/400-110-kv-itampos-oro-linijos/31104
70,https://www.litgrid.eu/uploads/files/dir529/dir26/dir1/14_0.php,400-110 kV įtampos oro linijų žaibosaugos trosui be šviesolaidinio kabelio (2020-05-15 Nr. 20NU-163),/Elektros perdavimo linijoms/400-110 kV įtampos oro linijos,https://www.litgrid.eu/index.php/tinklo-pletra/standartiniai-techniniai-reikalavimai/elektros-perdavimo-linijos/400-110-kv-itampos-oro-linijos/31104
71,https://www.litgrid.eu/uploads/files/dir529/dir26/dir1/15_0.php,400-330 kV įtampos oro linijų distanciniams spyriams-vibracijos slopintuvams (2020-05-15 Nr. 20NU-162),/Elektros perdavimo linijoms/400-110 kV įtampos oro linijos,https://www.litgrid.eu/index.php/tinklo-pletra/standartiniai-techniniai-reikalavimai/elektros-perdavimo-linijos/400-110-kv-itampos-oro-linijos/31104
72,https://www.litgrid.eu/uploads/files/dir529/dir26/dir1/16_0.php,110 kV įtampos oro linijų vibracijos slopintuvams (Stokbridžo tipo) (2020-05-14 Nr. 20NU-150),/Elektros perdavimo linijoms/400-110 kV įtampos oro linijos,https://www.litgrid.eu/index.php/tinklo-pletra/standartiniai-techniniai-reikalavimai/elektros-perdavimo-linijos/400-110-kv-itampos-oro-linijos/31104
73,https://www.litgrid.eu/uploads/files/dir529/dir26/dir1/17_0.php,400-110 kV įtampos oro linijų aliumininius su plieninių vijų šerdimi laidus laikantiems gnybtams (2020-05-15 Nr. 20NU-154),/Elektros perdavimo linijoms/400-110 kV įtampos oro linijos,https://www.litgrid.eu/index.php/tinklo-pletra/standartiniai-techniniai-reikalavimai/elektros-perdavimo-linijos/400-110-kv-itampos-oro-linijos/31104
74,https://www.litgrid.eu/uploads/files/dir529/dir26/dir1/18_0.php,400-110 kV įtampos oro linijų laidų ir žaibosaugos trosų be šviesolaidinio kabelio pleištinio tipo tempiamiesiems gnybtams (2020-05-15 Nr. 20NU-158),/Elektros perdavimo linijoms/400-110 kV įtampos oro linijos,https://www.litgrid.eu/index.php/tinklo-pletra/standartiniai-techniniai-reikalavimai/elektros-perdavimo-linijos/400-110-kv-itampos-oro-linijos/31104
75,https://www.litgrid.eu/uploads/files/dir529/dir26/dir1/19_0.php,400-110 kV įtampos oro linijų laidų ir žaibosaugos trosų be šviesolaidinio kabelio presuojamo tipo tempiamiesiems gnybtams (2020-05-15 Nr. 20NU-159),/Elektros perdavimo linijoms/400-110 kV įtampos oro linijos,https://www.litgrid.eu/index.php/tinklo-pletra/standartiniai-techniniai-reikalavimai/elektros-perdavimo-linijos/400-110-kv-itampos-oro-linijos/31104
76,https://www.litgrid.eu/uploads/files/dir530/dir26/dir1/0_0.php,400-110 kV įtampos oro linijų laidų ir žaibosaugos trosų be šviesolaidinio kabelio varžtinio tipo tempiamiesiems gnybtams (2020-05-15 Nr. 20NU-160),/Elektros perdavimo linijoms/400-110 kV įtampos oro linijos,https://www.litgrid.eu/index.php/tinklo-pletra/standartiniai-techniniai-reikalavimai/elektros-perdavimo-linijos/400-110-kv-itampos-oro-linijos/31104
77,https://www.litgrid.eu/uploads/files/dir530/dir26/dir1/1_0.php,400-110 kV įtampos oro linijų atramų įžeminimo kontūro elementams (2020-05-15 Nr. 20NU-155),/Elektros perdavimo linijoms/400-110 kV įtampos oro linijos,https://www.litgrid.eu/index.php/tinklo-pletra/standartiniai-techniniai-reikalavimai/elektros-perdavimo-linijos/400-110-kv-itampos-oro-linijos/31104
78,https://www.litgrid.eu/uploads/files/dir530/dir26/dir1/2_0.php,400-110 kV įtampos oro linijų atramų įžeminimo kontūro įrengimui (2020-05-15 Nr. 20NU-156),/Elektros perdavimo linijoms/400-110 kV įtampos oro linijos,https://www.litgrid.eu/index.php/tinklo-pletra/standartiniai-techniniai-reikalavimai/elektros-perdavimo-linijos/400-110-kv-itampos-oro-linijos/31104
79,https://www.litgrid.eu/uploads/files/dir530/dir26/dir1/3_0.php,110 kV įtampos kabeliams su plastmasine izoliacija (2020-05-14 Nr. 20NU-143),/Elektros perdavimo linijoms/330-110 kV įtampos kabelių linijos,https://www.litgrid.eu/index.php/tinklo-pletra/standartiniai-techniniai-reikalavimai/elektros-perdavimo-linijos/330-110-kv-itampos-kabeliu-linijos/31105
80,https://www.litgrid.eu/uploads/files/dir530/dir26/dir1/4_0.php,110 kV įtampos kabelių linijų su plastmasine izoliacija galinėms movoms (2020-05-14 Nr. 20NU-144),/Elektros perdavimo linijoms/330-110 kV įtampos kabelių linijos,https://www.litgrid.eu/index.php/tinklo-pletra/standartiniai-techniniai-reikalavimai/elektros-perdavimo-linijos/330-110-kv-itampos-kabeliu-linijos/31105
81,https://www.litgrid.eu/uploads/files/dir530/dir26/dir1/5_0.php,110 kV įtampos kabelių linijų su plastmasine izoliacija jungiamosioms movoms (2020-05-14 Nr. 20NU-145),/Elektros perdavimo linijoms/330-110 kV įtampos kabelių linijos,https://www.litgrid.eu/index.php/tinklo-pletra/standartiniai-techniniai-reikalavimai/elektros-perdavimo-linijos/330-110-kv-itampos-kabeliu-linijos/31105
82,https://www.litgrid.eu/uploads/files/dir530/dir26/dir1/6_0.php,330 kV įtampos kabeliams su plastmasine izoliacija (2020-05-14 Nr. 20NU-146),/Elektros perdavimo linijoms/330-110 kV įtampos kabelių linijos,https://www.litgrid.eu/index.php/tinklo-pletra/standartiniai-techniniai-reikalavimai/elektros-perdavimo-linijos/330-110-kv-itampos-kabeliu-linijos/31105
83,https://www.litgrid.eu/uploads/files/dir530/dir26/dir1/7_0.php,330 kV įtampos kabelių linijų su plastmasine izoliacija galinėms movoms (2020-05-14 Nr. 20NU-147),/Elektros perdavimo linijoms/330-110 kV įtampos kabelių linijos,https://www.litgrid.eu/index.php/tinklo-pletra/standartiniai-techniniai-reikalavimai/elektros-perdavimo-linijos/330-110-kv-itampos-kabeliu-linijos/31105
84,https://www.litgrid.eu/uploads/files/dir530/dir26/dir1/8_0.php,330 kV įtampos kabelių linijų su plastmasine izoliacija jungiamosioms movoms (2020-05-14 Nr. 20NU-148),/Elektros perdavimo linijoms/330-110 kV įtampos kabelių linijos,https://www.litgrid.eu/index.php/tinklo-pletra/standartiniai-techniniai-reikalavimai/elektros-perdavimo-linijos/330-110-kv-itampos-kabeliu-linijos/31105
85,https://www.litgrid.eu/uploads/files/dir530/dir26/dir1/11_0.php,110 kV įtampos kabelių linijų klojimui uždaru horizontalaus kryptinio gręžimo būdu (2017-11-13 Nr. NU-252),/Elektros perdavimo linijoms/330-110 kV įtampos kabelių linijos,https://www.litgrid.eu/index.php/tinklo-pletra/standartiniai-techniniai-reikalavimai/elektros-perdavimo-linijos/330-110-kv-itampos-kabeliu-linijos/31105
86,https://www.litgrid.eu/uploads/files/dir530/dir26/dir1/12_0.php,"110 kV įtampos kabelių linijų apsaugai nuo išorinio mechaninio poveikio, klojant kabelius sankirtose su gatvėmis ir keliais atviru būdu (2019-10-29 Nr. 19NU-395)",/Elektros perdavimo linijoms/330-110 kV įtampos kabelių linijos,https://www.litgrid.eu/index.php/tinklo-pletra/standartiniai-techniniai-reikalavimai/elektros-perdavimo-linijos/330-110-kv-itampos-kabeliu-linijos/31105
87,https://www.litgrid.eu/uploads/files/dir657/dir32/dir1/17_0.php,"110 kV kabelių linijų apsaugai nuo išorinio mechaninio poveikio, užpilant smėliu ir apsaugant plokštėmis (2022-10-19 Nr. 22NU-378)",/Elektros perdavimo linijoms/330-110 kV įtampos kabelių linijos,https://www.litgrid.eu/index.php/tinklo-pletra/standartiniai-techniniai-reikalavimai/elektros-perdavimo-linijos/330-110-kv-itampos-kabeliu-linijos/31105
88,https://www.litgrid.eu/uploads/files/dir657/dir32/dir1/18_0.php,"110 kV kabelių linijų apsaugai nuo išorinio mechaninio poveikio, užpilant iškastiniu gruntu ir apsaugant plokštėmis (2022-10-19 Nr. 22NU-378)",/Elektros perdavimo linijoms/330-110 kV įtampos kabelių linijos,https://www.litgrid.eu/index.php/tinklo-pletra/standartiniai-techniniai-reikalavimai/elektros-perdavimo-linijos/330-110-kv-itampos-kabeliu-linijos/31105
89,https://www.litgrid.eu/uploads/files/dir612/dir30/dir1/10_0.php,Mikroprocesorinėms RAA relėms ir valdikliams (2022-06-20 Nr. 22NU-234),/Relinei apsaugai ir automatikai/RAA standartiniai techniniai reikalavimai,https://www.litgrid.eu/index.php/tinklo-pletra/standartiniai-techniniai-reikalavimai/reline-apsauga-ir-automatika/raa-standartiniai-techniniai-reikalavimai/31144
90,https://www.litgrid.eu/uploads/files/dir583/dir29/dir1/16_0.php,Lauko ir vidaus spintų vidinio montažo laidams (2021-08-30 Nr. 21NU-290),/Relinei apsaugai ir automatikai/RAA standartiniai techniniai reikalavimai,https://www.litgrid.eu/index.php/tinklo-pletra/standartiniai-techniniai-reikalavimai/reline-apsauga-ir-automatika/raa-standartiniai-techniniai-reikalavimai/31144
91,https://www.litgrid.eu/uploads/files/dir576/dir28/dir1/6_0.php,Kontroliniams kabeliams (2021-06-09 Nr. 21NU-185),/Relinei apsaugai ir automatikai/RAA standartiniai techniniai reikalavimai,https://www.litgrid.eu/index.php/tinklo-pletra/standartiniai-techniniai-reikalavimai/reline-apsauga-ir-automatika/raa-standartiniai-techniniai-reikalavimai/31144
92,https://www.litgrid.eu/uploads/files/dir541/dir27/dir1/8_0.php,RAA lauko spintų gamyklinių bandymų formai (2019-09-23 Nr. 19NU-349),/Relinei apsaugai ir automatikai/RAA standartiniai techniniai reikalavimai,https://www.litgrid.eu/index.php/tinklo-pletra/standartiniai-techniniai-reikalavimai/reline-apsauga-ir-automatika/raa-standartiniai-techniniai-reikalavimai/31144
93,https://www.litgrid.eu/uploads/files/dir541/dir27/dir1/7_0.php,RAA vidaus spintų gamyklinių bandymų formai (2019-09-23 Nr. 19NU-349),/Relinei apsaugai ir automatikai/RAA standartiniai techniniai reikalavimai,https://www.litgrid.eu/index.php/tinklo-pletra/standartiniai-techniniai-reikalavimai/reline-apsauga-ir-automatika/raa-standartiniai-techniniai-reikalavimai/31144
94,https://www.litgrid.eu/uploads/files/dir551/dir27/dir1/14_0.php,RAA vidaus spintoms (2020-08-26 Nr. 20NU-290),/Relinei apsaugai ir automatikai/RAA standartiniai techniniai reikalavimai,https://www.litgrid.eu/index.php/tinklo-pletra/standartiniai-techniniai-reikalavimai/reline-apsauga-ir-automatika/raa-standartiniai-techniniai-reikalavimai/31144
95,https://www.litgrid.eu/uploads/files/dir551/dir27/dir1/17_0.php,RAA lauko tarpinių gnybtų spintoms (2020-08-26 Nr. 20NU-289),/Relinei apsaugai ir automatikai/RAA standartiniai techniniai reikalavimai,https://www.litgrid.eu/index.php/tinklo-pletra/standartiniai-techniniai-reikalavimai/reline-apsauga-ir-automatika/raa-standartiniai-techniniai-reikalavimai/31144
96,https://www.litgrid.eu/uploads/files/dir552/dir27/dir1/0_0.php,Telekomandų perdavimo įrenginiams susietiems su RAA (2020-08-26 Nr. 20NU-286),/Relinei apsaugai ir automatikai/RAA standartiniai techniniai reikalavimai,https://www.litgrid.eu/index.php/tinklo-pletra/standartiniai-techniniai-reikalavimai/reline-apsauga-ir-automatika/raa-standartiniai-techniniai-reikalavimai/31144
97,https://www.litgrid.eu/uploads/files/dir552/dir27/dir1/1_0.php,Kabeliams jungiantiems aukšto dažnio telekomandų įrenginius ir AS pirminius įrenginius (2020-08-26 Nr. 20NU-285),/Relinei apsaugai ir automatikai/RAA standartiniai techniniai reikalavimai,https://www.litgrid.eu/index.php/tinklo-pletra/standartiniai-techniniai-reikalavimai/reline-apsauga-ir-automatika/raa-standartiniai-techniniai-reikalavimai/31144
98,https://www.litgrid.eu/uploads/files/dir551/dir27/dir1/19_0.php,Elektros grandinių elektromechaninėms rėlėms (2020-08-26 Nr. 20NU-287),/Relinei apsaugai ir automatikai/RAA standartiniai techniniai reikalavimai,https://www.litgrid.eu/index.php/tinklo-pletra/standartiniai-techniniai-reikalavimai/reline-apsauga-ir-automatika/raa-standartiniai-techniniai-reikalavimai/31144
99,https://www.litgrid.eu/uploads/files/dir587/dir29/dir1/19_0.php,RAA kompleksinių bandymų aprašas (2021-10-25 Nr. 21NU-389),/Relinei apsaugai ir automatikai/RAA kompleksinių bandymu aprašas,https://www.litgrid.eu/index.php/tinklo-pletra/standartiniai-techniniai-reikalavimai/reline-apsauga-ir-automatika/raa-kompleksiniu-bandymu-aprasas/31146
100,https://www.litgrid.eu/uploads/files/dir588/dir29/dir1/0_0.php,Priedas Nr. 1,/Relinei apsaugai ir automatikai/RAA kompleksinių bandymu aprašas,https://www.litgrid.eu/index.php/tinklo-pletra/standartiniai-techniniai-reikalavimai/reline-apsauga-ir-automatika/raa-kompleksiniu-bandymu-aprasas/31146
101,https://www.litgrid.eu/uploads/files/dir588/dir29/dir1/1_0.php,Priedas Nr. 2,/Relinei apsaugai ir automatikai/RAA kompleksinių bandymu aprašas,https://www.litgrid.eu/index.php/tinklo-pletra/standartiniai-techniniai-reikalavimai/reline-apsauga-ir-automatika/raa-kompleksiniu-bandymu-aprasas/31146
102,https://www.litgrid.eu/uploads/files/dir588/dir29/dir1/2_0.php,Priedas Nr. 3,/Relinei apsaugai ir automatikai/RAA kompleksinių bandymu aprašas,https://www.litgrid.eu/index.php/tinklo-pletra/standartiniai-techniniai-reikalavimai/reline-apsauga-ir-automatika/raa-kompleksiniu-bandymu-aprasas/31146
103,https://www.litgrid.eu/uploads/files/dir588/dir29/dir1/3_0.php,Priedas Nr. 1. 110 kV prijunginio mikroprocesorinės relinės apsaugos ir automatikos įrenginių kompleksinių bandymų protokolas,/Relinei apsaugai ir automatikai/RAA kompleksinių bandymu aprašas,https://www.litgrid.eu/index.php/tinklo-pletra/standartiniai-techniniai-reikalavimai/reline-apsauga-ir-automatika/raa-kompleksiniu-bandymu-aprasas/31146
104,https://www.litgrid.eu/uploads/files/dir588/dir29/dir1/4_0.php,Priedas Nr. 2. 330-110 kV TP/SP šynų/šynuotės diferencinės apsaugos (ŠDA) įrenginių kompleksinių bandymų protokolas,/Relinei apsaugai ir automatikai/RAA kompleksinių bandymu aprašas,https://www.litgrid.eu/index.php/tinklo-pletra/standartiniai-techniniai-reikalavimai/reline-apsauga-ir-automatika/raa-kompleksiniu-bandymu-aprasas/31146
105,https://www.litgrid.eu/uploads/files/dir588/dir29/dir1/5_0.php,"Priedas Nr. 3. 330 kV TP/SP, rekonstruoto arba pastatyto naujo, 330 kV jungtuvo prijunginio mikroprocesorinės relinės apsaugos ir automatikos įrenginių kompleksinių bandymų protokolas",/Relinei apsaugai ir automatikai/RAA kompleksinių bandymu aprašas,https://www.litgrid.eu/index.php/tinklo-pletra/standartiniai-techniniai-reikalavimai/reline-apsauga-ir-automatika/raa-kompleksiniu-bandymu-aprasas/31146
106,https://www.litgrid.eu/uploads/files/dir612/dir30/dir1/13_0.php,110 kV RAA struktūrinių schemų aprašas (2022-05-25 Nr. 22NU-201),/Relinei apsaugai ir automatikai/RAA struktūrinių schemų aprašas,https://www.litgrid.eu/index.php/tinklo-pletra/standartiniai-techniniai-reikalavimai/reline-apsauga-ir-automatika/raa-funkciniu-schemu-aprasas/31147
107,https://www.litgrid.eu/uploads/files/dir544/dir27/dir1/13_0.php,Elektros skaitiklių momentinių duomenų nuskaitymo valdikliams (MDV) (2018-12-12 Nr. 18NU-350),/Elektros energijos apskaitai,https://www.litgrid.eu/index.php/tinklo-pletra/standartiniai-techniniai-reikalavimai/elektros-energijos-apskaita/2641
108,https://www.litgrid.eu/uploads/files/dir545/dir27/dir1/0_0.php,Elektros skaitiklių komercinių duomenų nuskaitymo valdikliams (KVD) (2018-12-12 Nr. 18NU-350),/Elektros energijos apskaitai,https://www.litgrid.eu/index.php/tinklo-pletra/standartiniai-techniniai-reikalavimai/elektros-energijos-apskaita/2641
109,https://www.litgrid.eu/uploads/files/dir592/dir29/dir1/12_0.php,Vidaus kontrolinės apskaitos spintoms (2021-11-04 Nr. 21NU-401),/Elektros energijos apskaitai,https://www.litgrid.eu/index.php/tinklo-pletra/standartiniai-techniniai-reikalavimai/elektros-energijos-apskaita/2641
110,https://www.litgrid.eu/uploads/files/dir592/dir29/dir1/13_0.php,Vidaus komercinės apskaitos spintoms (2021-11-04 Nr. 21NU-401),/Elektros energijos apskaitai,https://www.litgrid.eu/index.php/tinklo-pletra/standartiniai-techniniai-reikalavimai/elektros-energijos-apskaita/2641
111,https://www.litgrid.eu/uploads/files/dir592/dir29/dir1/14_0.php,Lauko kontrolinės apskaitos spintoms  (2021-11-04 Nr. 21NU-401),/Elektros energijos apskaitai,https://www.litgrid.eu/index.php/tinklo-pletra/standartiniai-techniniai-reikalavimai/elektros-energijos-apskaita/2641
112,https://www.litgrid.eu/uploads/files/dir592/dir29/dir1/15_0.php,Lauko komercinės apskaitos spintoms (2021-11-04 Nr. 21NU-401),/Elektros energijos apskaitai,https://www.litgrid.eu/index.php/tinklo-pletra/standartiniai-techniniai-reikalavimai/elektros-energijos-apskaita/2641
113,https://www.litgrid.eu/uploads/files/dir544/dir27/dir1/19_0.php,Elektros apskaitos prietaisams (2019-12-19 nurodymas Nr.19NU-461),/Elektros energijos apskaitai,https://www.litgrid.eu/index.php/tinklo-pletra/standartiniai-techniniai-reikalavimai/elektros-energijos-apskaita/2641
114,https://www.litgrid.eu/uploads/files/dir639/dir31/dir1/14_0.php,Pastočių  laiko sinchronizavimo įrenginiams (2022-10-28 Nr. 22NU-397),/Teleinformacijos duomenų surinkimui ir perdavimui,https://www.litgrid.eu/index.php/tinklo-pletra/standartiniai-techniniai-reikalavimai/teleinformacijos-duomenu-surinkimas-ir-perdavimas/2642
115,https://www.litgrid.eu/uploads/files/dir639/dir31/dir1/15_0.php,Teleinformacijos surinkimo ir perdavimo įrenginiams (2022-10-28 Nr. 22NU-397),/Teleinformacijos duomenų surinkimui ir perdavimui,https://www.litgrid.eu/index.php/tinklo-pletra/standartiniai-techniniai-reikalavimai/teleinformacijos-duomenu-surinkimas-ir-perdavimas/2642
116,https://www.litgrid.eu/uploads/files/dir587/dir29/dir1/0_0.php,Šviesolaidiniams - elektrinimas keitiliams (2021-10-12 Nr. 21NU-367),/Teleinformacijos duomenų surinkimui ir perdavimui,https://www.litgrid.eu/index.php/tinklo-pletra/standartiniai-techniniai-reikalavimai/teleinformacijos-duomenu-surinkimas-ir-perdavimas/2642
117,https://www.litgrid.eu/uploads/files/dir585/dir29/dir1/6_0.php,Teleinformacijos surinkimo ir perdavimo įrenginio gamyklinių bandymų protokolas (2021-09-23 Nr. 21NU-333),/Teleinformacijos duomenų surinkimui ir perdavimui,https://www.litgrid.eu/index.php/tinklo-pletra/standartiniai-techniniai-reikalavimai/teleinformacijos-duomenu-surinkimas-ir-perdavimas/2642
118,https://www.litgrid.eu/uploads/files/dir556/dir27/dir1/19_0.php,Duomenų mainų atitikimo reikalavimai nuotolinio valdymo įrenginiams ir sistemoms pagal LST EN 60870-5-104:2002 (IEC 60870-5-104) standartą (2020-10-12 Nr. 20NU-355),/Teleinformacijos duomenų surinkimui ir perdavimui,https://www.litgrid.eu/index.php/tinklo-pletra/standartiniai-techniniai-reikalavimai/teleinformacijos-duomenu-surinkimas-ir-perdavimas/2642
119,https://www.litgrid.eu/uploads/files/dir556/dir27/dir1/18_0.php,Duomenų mainų atitikimo reikalavimai nuotolinio valdymo įrenginiams ir sistemoms pagal LST EN 60870-5-101:1995+A1:2000 standartą (2020-10-12 Nr. 20NU-355),/Teleinformacijos duomenų surinkimui ir perdavimui,https://www.litgrid.eu/index.php/tinklo-pletra/standartiniai-techniniai-reikalavimai/teleinformacijos-duomenu-surinkimas-ir-perdavimas/2642
120,https://www.litgrid.eu/uploads/files/dir473/dir23/dir1/8_0.php,Gamintojo prijungimui prie PSO duomenų tinklo 2015-07-28 Nr. 16,/Teleinformacijos duomenų surinkimui ir perdavimui,https://www.litgrid.eu/index.php/tinklo-pletra/standartiniai-techniniai-reikalavimai/teleinformacijos-duomenu-surinkimas-ir-perdavimas/2642
121,https://www.litgrid.eu/uploads/files/dir602/dir30/dir1/13_0.php,Sinchroninio duomenų perdavimo tinklo (SDPT) įrenginiams (multiplekseriams) 2022-03-17 Nr. 22NU-104,/Telekomunikacijoms,https://www.litgrid.eu/index.php/tinklo-pletra/standartiniai-techniniai-reikalavimai/telekomunikacijos/2643
122,https://www.litgrid.eu/uploads/files/dir587/dir29/dir1/2_0.php,Telekomunikacijų ir TSPĮ elektrinio maitinimo nuo NSSRS projektavimui (2021-10-15 Nr. 21NU-373),/Telekomunikacijoms,https://www.litgrid.eu/index.php/tinklo-pletra/standartiniai-techniniai-reikalavimai/telekomunikacijos/2643
123,https://www.litgrid.eu/uploads/files/dir569/dir28/dir1/10_0.php,Radijo relinei įrangai (2021-02-18 Nr. NU-57),/Telekomunikacijoms,https://www.litgrid.eu/index.php/tinklo-pletra/standartiniai-techniniai-reikalavimai/telekomunikacijos/2643
124,https://www.litgrid.eu/uploads/files/dir568/dir28/dir1/16_0.php,Pramoniniams duomenų tinklo komutatoriams (2021-02-15 Nr. 21NU-52),/Telekomunikacijoms,https://www.litgrid.eu/index.php/tinklo-pletra/standartiniai-techniniai-reikalavimai/telekomunikacijos/2643
125,https://www.litgrid.eu/uploads/files/dir568/dir28/dir1/14_0.php,Ethernet terpės keitikliams (2021-02-05 Nr. 21NU-45),/Telekomunikacijoms,https://www.litgrid.eu/index.php/tinklo-pletra/standartiniai-techniniai-reikalavimai/telekomunikacijos/2643
126,https://www.litgrid.eu/uploads/files/dir562/dir28/dir1/11_0.php,Tipiniai reikalavimai ryšio šuliniams 2020-11-23 Nr. 20NU-422,/Telekomunikacijoms,https://www.litgrid.eu/index.php/tinklo-pletra/standartiniai-techniniai-reikalavimai/telekomunikacijos/2643
127,https://www.litgrid.eu/uploads/files/dir557/dir27/dir1/4_0.php,Šviesolaidinio kabelio projektavimui (2020-10_13 Nr. 20NU-358),/Telekomunikacijoms,https://www.litgrid.eu/index.php/tinklo-pletra/standartiniai-techniniai-reikalavimai/telekomunikacijos/2643
128,https://www.litgrid.eu/uploads/files/dir557/dir27/dir1/5_0.php,ŽTŠK movos projektavimui (2020-10-07 Nr. 20NU-352),/Telekomunikacijoms,https://www.litgrid.eu/index.php/tinklo-pletra/standartiniai-techniniai-reikalavimai/telekomunikacijos/2643
129,https://www.litgrid.eu/uploads/files/dir534/dir26/dir1/13_0.php,Ryšių apsauginiams vamzdžiams (2020-06-09 Nr. 20NU-191),/Telekomunikacijoms,https://www.litgrid.eu/index.php/tinklo-pletra/standartiniai-techniniai-reikalavimai/telekomunikacijos/2643
130,https://www.litgrid.eu/uploads/files/dir534/dir26/dir1/11_0.php,Telekomunikacijų maitinimo šaltiniui (2020-06-02 Nr. 20NU-186),/Telekomunikacijoms,https://www.litgrid.eu/index.php/tinklo-pletra/standartiniai-techniniai-reikalavimai/telekomunikacijos/2643
131,https://www.litgrid.eu/uploads/files/dir534/dir26/dir1/10_0.php,Kamieniniam maršrutizatoriui (2020-05-27 Nr. 20NU-177),/Telekomunikacijoms,https://www.litgrid.eu/index.php/tinklo-pletra/standartiniai-techniniai-reikalavimai/telekomunikacijos/2643
132,https://www.litgrid.eu/uploads/files/dir526/dir26/dir1/12_0.php,MPLS maršrutizaroriui (2019-12-27 Nr. 19NU-469),/Telekomunikacijoms,https://www.litgrid.eu/index.php/tinklo-pletra/standartiniai-techniniai-reikalavimai/telekomunikacijos/2643
133,https://www.litgrid.eu/uploads/files/dir526/dir26/dir1/11_0.php,Bendrosios paskirties prieigos maršrutizatoriams (2019-05-17 Nr. 19NU-155),/Telekomunikacijoms,https://www.litgrid.eu/index.php/tinklo-pletra/standartiniai-techniniai-reikalavimai/telekomunikacijos/2643
134,https://www.litgrid.eu/uploads/files/dir445/dir22/dir1/8_0.php,Tipinė LITGRID AB transformatorių pastotės duomenų tinklo struktūrinė schema (2018-09-27 NU-280),/Telekomunikacijoms,https://www.litgrid.eu/index.php/tinklo-pletra/standartiniai-techniniai-reikalavimai/telekomunikacijos/2643
135,https://www.litgrid.eu/uploads/files/dir533/dir26/dir1/13_0.php,Jungiamiesiems šviesolaidiniams kabeliams (2018-06-18 Nr. NU-177),/Telekomunikacijoms,https://www.litgrid.eu/index.php/tinklo-pletra/standartiniai-techniniai-reikalavimai/telekomunikacijos/2643
136,https://www.litgrid.eu/uploads/files/dir534/dir26/dir1/2_0.php,Telekomunikacijų vidaus spintoms (2017-12-01 Nr. NU-271),/Telekomunikacijoms,https://www.litgrid.eu/index.php/tinklo-pletra/standartiniai-techniniai-reikalavimai/telekomunikacijos/2643
137,https://www.litgrid.eu/uploads/files/dir533/dir26/dir1/14_0.php,Skaidulų paskirstymo įrenginiui (2014-11-25 Nr. NU-312),/Telekomunikacijoms,https://www.litgrid.eu/index.php/tinklo-pletra/standartiniai-techniniai-reikalavimai/telekomunikacijos/2643
138,https://www.litgrid.eu/uploads/files/dir600/dir30/dir1/19_0.php,Perdavimo tinklo operatyvinių ir techninių pavadinimų sudarymo ir  žymėjimo tvarkos aprašas,/Pastočių ir skirstyklų įrangos nuotoliniam valdymui,https://www.litgrid.eu/index.php/tinklo-pletra/standartiniai-techniniai-reikalavimai/pastociu-ir-skirstyklu-irangos-nuotoliniam-valdymui/2796
139,https://www.litgrid.eu/uploads/files/dir560/dir28/dir1/3_0.php,110 kV tipinių prijunginių teleinformacijos sąrašams (2020-11-05),/Pastočių ir skirstyklų įrangos nuotoliniam valdymui,https://www.litgrid.eu/index.php/tinklo-pletra/standartiniai-techniniai-reikalavimai/pastociu-ir-skirstyklu-irangos-nuotoliniam-valdymui/2796
140,https://www.litgrid.eu/uploads/files/dir560/dir28/dir1/8_0.php,Teleinformacijos apimčių lentelėms (2020-11-05),/Pastočių ir skirstyklų įrangos nuotoliniam valdymui,https://www.litgrid.eu/index.php/tinklo-pletra/standartiniai-techniniai-reikalavimai/pastociu-ir-skirstyklu-irangos-nuotoliniam-valdymui/2796
141,https://www.litgrid.eu/uploads/files/dir560/dir28/dir1/6_0.php,Teleinformacijos sąrašų formoms (2020-11-05),/Pastočių ir skirstyklų įrangos nuotoliniam valdymui,https://www.litgrid.eu/index.php/tinklo-pletra/standartiniai-techniniai-reikalavimai/pastociu-ir-skirstyklu-irangos-nuotoliniam-valdymui/2796
142,https://www.litgrid.eu/uploads/files/dir560/dir28/dir1/7_0.php,Perdavimo tinklo transformatorių pastočių ir skirstyklų įrangos nuotolinio valdymo reikalavimams (2020-11-05 20IS-239),/Pastočių ir skirstyklų įrangos nuotoliniam valdymui,https://www.litgrid.eu/index.php/tinklo-pletra/standartiniai-techniniai-reikalavimai/pastociu-ir-skirstyklu-irangos-nuotoliniam-valdymui/2796
143,https://www.litgrid.eu/uploads/files/dir441/dir22/dir1/7_0.php,"Reikalavimai įrenginiu valdymui, signalizacijai ir matavimams (2018-08-21 Nr. NU-242)",/Pastočių ir skirstyklų įrangos nuotoliniam valdymui,https://www.litgrid.eu/index.php/tinklo-pletra/standartiniai-techniniai-reikalavimai/pastociu-ir-skirstyklu-irangos-nuotoliniam-valdymui/2796
144,https://www.litgrid.eu/uploads/files/dir575/dir28/dir1/6_0.php,"330-110 kV įtampos transformatorių pastočių ir atvirų skirstyklų teritorijų dangų įrengimui (2021-05-18 Nr, 21NU-158",/Statybinei daliai/Standartiniai techniniai reikalavimai,https://www.litgrid.eu/index.php/tinklo-pletra/standartiniai-techniniai-reikalavimai/statybine-dalis/standartiniai-techniniai-reikalavimai/31140
145,https://www.litgrid.eu/uploads/files/dir575/dir28/dir1/5_0.php,330-110 kV įtampos transformatorių pastočių ir atvirų skirstyklų vidaus kelių įrengimui (2021-05-17 Nr. 21NU-155),/Statybinei daliai/Standartiniai techniniai reikalavimai,https://www.litgrid.eu/index.php/tinklo-pletra/standartiniai-techniniai-reikalavimai/statybine-dalis/standartiniai-techniniai-reikalavimai/31140
146,https://www.litgrid.eu/uploads/files/dir563/dir28/dir1/17_0.php,330-110 kV įtampos kabelių linijų apsauginiams vamzdžiams (2020-12-09 20NU-447),/Statybinei daliai/Standartiniai techniniai reikalavimai,https://www.litgrid.eu/index.php/tinklo-pletra/standartiniai-techniniai-reikalavimai/statybine-dalis/standartiniai-techniniai-reikalavimai/31140
147,https://www.litgrid.eu/uploads/files/dir540/dir27/dir1/10_0.php,400-110 kV įtampos transformatorių pastočių valdymo pultui (2019-09-23 Nr. 19NU-341),/Statybinei daliai/Standartiniai techniniai reikalavimai,https://www.litgrid.eu/index.php/tinklo-pletra/standartiniai-techniniai-reikalavimai/statybine-dalis/standartiniai-techniniai-reikalavimai/31140
148,https://www.litgrid.eu/uploads/files/dir540/dir27/dir1/9_0.php,Žemos įtampos KL apsauginiams vamzdžiams įrengiamiems nuo žemės lygio iki įrenginių pavarų/gnybtų spintų (2019-01-09 Nr. 19NU-5),/Statybinei daliai/Standartiniai techniniai reikalavimai,https://www.litgrid.eu/index.php/tinklo-pletra/standartiniai-techniniai-reikalavimai/statybine-dalis/standartiniai-techniniai-reikalavimai/31140
149,https://www.litgrid.eu/uploads/files/dir540/dir27/dir1/8_0.php,"400-110 kV įtampos pastočių, skirstyklų įrenginių ir OL plieninėms kontrukcijoms dengiamoms cinku karštuoju būdu (2018-08-09 Nr. 18NU-234)",/Statybinei daliai/Standartiniai techniniai reikalavimai,https://www.litgrid.eu/index.php/tinklo-pletra/standartiniai-techniniai-reikalavimai/statybine-dalis/standartiniai-techniniai-reikalavimai/31140
150,https://www.litgrid.eu/uploads/files/dir540/dir27/dir1/7_0.php,400-110 kV įtampos transformatorių pastočių kondicionieriams ir jų jungiamųjų dalių įrangai (2017-02-08 Nr. 17NU-29),/Statybinei daliai/Standartiniai techniniai reikalavimai,https://www.litgrid.eu/index.php/tinklo-pletra/standartiniai-techniniai-reikalavimai/statybine-dalis/standartiniai-techniniai-reikalavimai/31140
151,https://www.litgrid.eu/uploads/files/dir540/dir27/dir1/6_0.php,330-110 kV įtampos OL atramų gelžbetoniniams surenkamiesiems pamatams (2014-11-11 Nr. 14NU-293),/Statybinei daliai/Standartiniai techniniai reikalavimai,https://www.litgrid.eu/index.php/tinklo-pletra/standartiniai-techniniai-reikalavimai/statybine-dalis/standartiniai-techniniai-reikalavimai/31140
152,https://www.litgrid.eu/uploads/files/dir656/dir32/dir1/11_0.php,400-110 kV įtampos transformatorių pastočių ir atvirų skirstyklų tvoroms (2022-12-23),/Statybinei daliai/Standartiniai techniniai reikalavimai,https://www.litgrid.eu/index.php/tinklo-pletra/standartiniai-techniniai-reikalavimai/statybine-dalis/standartiniai-techniniai-reikalavimai/31140
153,https://www.litgrid.eu/uploads/files/dir540/dir27/dir1/3_0.php,330-110 kV įtampos transformatorių pastočių atvirų skirstiklų gelžbetoniniams antžeminiams kabelių kanalams (2014-03-19 Nr. 14NU-64),/Statybinei daliai/Standartiniai techniniai reikalavimai,https://www.litgrid.eu/index.php/tinklo-pletra/standartiniai-techniniai-reikalavimai/statybine-dalis/standartiniai-techniniai-reikalavimai/31140
154,https://www.litgrid.eu/uploads/files/dir540/dir27/dir1/2_0.php,330-110 kV įtampos transformatorių pastočių ir atvirų skirstyklų elektros įrenginių gamykliniams gelžbetoniniams pamatams (2014-03-19 Nr. NU-64),/Statybinei daliai/Standartiniai techniniai reikalavimai,https://www.litgrid.eu/index.php/tinklo-pletra/standartiniai-techniniai-reikalavimai/statybine-dalis/standartiniai-techniniai-reikalavimai/31140
155,https://www.litgrid.eu/uploads/files/dir540/dir27/dir1/1_0.php,330-110 kV įtampos transformatorių pastočių atvirų skirstyklų ir kabelinių linijų įgilintiems gelžbetonininių kabelių kanalams (2014-03-19 Nr. 14NU-64),/Statybinei daliai/Standartiniai techniniai reikalavimai,https://www.litgrid.eu/index.php/tinklo-pletra/standartiniai-techniniai-reikalavimai/statybine-dalis/standartiniai-techniniai-reikalavimai/31140
156,https://www.litgrid.eu/uploads/files/dir656/dir32/dir1/10_0.php,400-110 kV įtampos atvirų skirstyklų elektros įrenginius laikančioms plieninėms konstrukcijoms (2022-12-23),/Statybinei daliai/Standartiniai techniniai reikalavimai,https://www.litgrid.eu/index.php/tinklo-pletra/standartiniai-techniniai-reikalavimai/statybine-dalis/standartiniai-techniniai-reikalavimai/31140
157,https://www.litgrid.eu/uploads/files/dir600/dir30/dir1/4_0.php,Perdavimo tinklo 110 kV OL tipinių tarpinių metalinių atramų projektas. 110 kV įtampos viengrandė tarpinė atrama (I variantas) (2021-12-16 Nr. 21NU-475),/Statybinei daliai/Tipiniai atramų techniniai projekta,https://www.litgrid.eu/index.php/tinklo-pletra/standartiniai-techniniai-reikalavimai/statybine-dalis/tipinis-techninis-projektas/31143
158,https://www.litgrid.eu/uploads/files/dir600/dir30/dir1/5_0.php,Perdavimo tinklo 110 kV OL tipinių tarpinių metalinių atramų projektas. 110 kV įtampos viengrandė tarpinė atrama (II variantas) (2021-12-16 Nr. 21NU-475),/Statybinei daliai/Tipiniai atramų techniniai projekta,https://www.litgrid.eu/index.php/tinklo-pletra/standartiniai-techniniai-reikalavimai/statybine-dalis/tipinis-techninis-projektas/31143
159,https://www.litgrid.eu/uploads/files/dir600/dir30/dir1/6_0.php,Perdavimo tinklo 110 kV OL tipinių tarpinių metalinių atramų projektas. 110 kV įtampos viengrandė tarpinė atrama (III variantas) (2021-12-16 Nr. 21NU-475),/Statybinei daliai/Tipiniai atramų techniniai projekta,https://www.litgrid.eu/index.php/tinklo-pletra/standartiniai-techniniai-reikalavimai/statybine-dalis/tipinis-techninis-projektas/31143
160,https://www.litgrid.eu/uploads/files/dir600/dir30/dir1/7_0.php,Perdavimo tinklo 110 kV OL tipinių tarpinių metalinių atramų projektas. 110 kV įtampos dvigrandė tarpinė atrama (I variantas) (2021-12-16 Nr. 21NU-475),/Statybinei daliai/Tipiniai atramų techniniai projekta,https://www.litgrid.eu/index.php/tinklo-pletra/standartiniai-techniniai-reikalavimai/statybine-dalis/tipinis-techninis-projektas/31143
161,https://www.litgrid.eu/uploads/files/dir600/dir30/dir1/8_0.php,Perdavimo tinklo 110 kV OL tipinių tarpinių metalinių atramų projektas. 110 kV įtampos dvigrandė tarpinė atrama (II variantas) (2021-12-16 Nr. 21NU-475),/Statybinei daliai/Tipiniai atramų techniniai projekta,https://www.litgrid.eu/index.php/tinklo-pletra/standartiniai-techniniai-reikalavimai/statybine-dalis/tipinis-techninis-projektas/31143
162,https://www.litgrid.eu/uploads/files/dir600/dir30/dir1/9_0.php,Perdavimo tinklo 110 kV OL tipinių tarpinių metalinių atramų projektas. 110 kV įtampos dvigrandė tarpinė atrama (III variantas) (2021-12-16 Nr. 21NU-475),/Statybinei daliai/Tipiniai atramų techniniai projekta,https://www.litgrid.eu/index.php/tinklo-pletra/standartiniai-techniniai-reikalavimai/statybine-dalis/tipinis-techninis-projektas/31143
163,https://www.litgrid.eu/uploads/files/dir568/dir28/dir1/7_0.php,110 kV įtampos dvigrandės inkarinės atramos (posūkio kampas iki 30 laipsnių I variantas) tipinis projektas (2021-01-11 Nr. 21NU-8),/Statybinei daliai/Tipiniai atramų techniniai projekta,https://www.litgrid.eu/index.php/tinklo-pletra/standartiniai-techniniai-reikalavimai/statybine-dalis/tipinis-techninis-projektas/31143
164,https://www.litgrid.eu/uploads/files/dir568/dir28/dir1/8_0.php,110 kV įtampos dvigrandės inkarinės atramos (posūkio kampas iki 30 laipsnių II variantas) tipinis projektas (2021-01-11 Nr. 21NU-8),/Statybinei daliai/Tipiniai atramų techniniai projekta,https://www.litgrid.eu/index.php/tinklo-pletra/standartiniai-techniniai-reikalavimai/statybine-dalis/tipinis-techninis-projektas/31143
165,https://www.litgrid.eu/uploads/files/dir568/dir28/dir1/9_0.php,110 kV įtampos dvigrandės inkarinės atramos (posūkio kampas nuo 31 iki 60 laipsnių I variantas) tipinis projektas (2021-01-11 Nr. 21NU-8),/Statybinei daliai/Tipiniai atramų techniniai projekta,https://www.litgrid.eu/index.php/tinklo-pletra/standartiniai-techniniai-reikalavimai/statybine-dalis/tipinis-techninis-projektas/31143
166,https://www.litgrid.eu/uploads/files/dir568/dir28/dir1/10_0.php,110 kV įtampos dvigrandės inkarinės atramos (posūkio kampas nuo 31 iki 60 laipsnių II variantas) tipinis projektas (2021-01-11 Nr. 21NU-8),/Statybinei daliai/Tipiniai atramų techniniai projekta,https://www.litgrid.eu/index.php/tinklo-pletra/standartiniai-techniniai-reikalavimai/statybine-dalis/tipinis-techninis-projektas/31143
167,https://www.litgrid.eu/uploads/files/dir568/dir28/dir1/11_0.php,110 kV įtampos dvigrandės inkarinės atramos (posūkio kampas nuo 61 iki 90 laipsnių I variantas) tipinis projektas (2021-01-11 Nr. 21NU-8),/Statybinei daliai/Tipiniai atramų techniniai projekta,https://www.litgrid.eu/index.php/tinklo-pletra/standartiniai-techniniai-reikalavimai/statybine-dalis/tipinis-techninis-projektas/31143
168,https://www.litgrid.eu/uploads/files/dir568/dir28/dir1/12_0.php,110 kV įtampos dvigrandės inkarinės atramos (posūkio kampas nuo 61 iki 90 laipsnių II variantas) tipinis projektas (2021-01-11 Nr. 21NU-8),/Statybinei daliai/Tipiniai atramų techniniai projekta,https://www.litgrid.eu/index.php/tinklo-pletra/standartiniai-techniniai-reikalavimai/statybine-dalis/tipinis-techninis-projektas/31143
169,https://www.litgrid.eu/uploads/files/dir568/dir28/dir1/1_0.php,110 kV įtampos viengrandės inkarinės atramos (posūkio kampas iki 30 laipsnių I variantas) tipinis projektas (2021-01-11 Nr. 21NU-7),/Statybinei daliai/Tipiniai atramų techniniai projekta,https://www.litgrid.eu/index.php/tinklo-pletra/standartiniai-techniniai-reikalavimai/statybine-dalis/tipinis-techninis-projektas/31143
170,https://www.litgrid.eu/uploads/files/dir568/dir28/dir1/2_0.php,110 kV įtampos viengrandės inkarinės atramos (posūkio kampas iki 30 laipsnių II variantas) tipinis projektas (2021-01-11 Nr. 21NU-7),/Statybinei daliai/Tipiniai atramų techniniai projekta,https://www.litgrid.eu/index.php/tinklo-pletra/standartiniai-techniniai-reikalavimai/statybine-dalis/tipinis-techninis-projektas/31143
171,https://www.litgrid.eu/uploads/files/dir568/dir28/dir1/3_0.php,110 kV įtampos viengrandės inkarinės atramos (posūkio kampas nuo 31 iki 60 laipsnių I variantas) tipinis projektas (2021-01-11 Nr. 21NU-7),/Statybinei daliai/Tipiniai atramų techniniai projekta,https://www.litgrid.eu/index.php/tinklo-pletra/standartiniai-techniniai-reikalavimai/statybine-dalis/tipinis-techninis-projektas/31143
172,https://www.litgrid.eu/uploads/files/dir568/dir28/dir1/4_0.php,110 kV įtampos viengrandės inkarinės atramos (posūkio kampas nuo 31 iki 60 laipsnių II variantas) tipinis projektas (2021-01-11 Nr. 21NU-7),/Statybinei daliai/Tipiniai atramų techniniai projekta,https://www.litgrid.eu/index.php/tinklo-pletra/standartiniai-techniniai-reikalavimai/statybine-dalis/tipinis-techninis-projektas/31143
173,https://www.litgrid.eu/uploads/files/dir568/dir28/dir1/5_0.php,110 kV įtampos viengrandės inkarinės atramos (posūkio kampas nuo 61 iki 90 laipsnių I variantas) tipinis projektas (2021-01-11 Nr. 21NU-7),/Statybinei daliai/Tipiniai atramų techniniai projekta,https://www.litgrid.eu/index.php/tinklo-pletra/standartiniai-techniniai-reikalavimai/statybine-dalis/tipinis-techninis-projektas/31143
174,https://www.litgrid.eu/uploads/files/dir568/dir28/dir1/6_0.php,110 kV įtampos viengrandės inkarinės atramos (posūkio kampas nuo 61 iki 90 laipsnių II variantas) tipinis projektas (2021-01-11 Nr. 21NU-7),/Statybinei daliai/Tipiniai atramų techniniai projekta,https://www.litgrid.eu/index.php/tinklo-pletra/standartiniai-techniniai-reikalavimai/statybine-dalis/tipinis-techninis-projektas/31143
175,https://www.litgrid.eu/uploads/files/dir542/dir27/dir1/1_0.php,330 kV įtampos OL dviejų grandžių tarpinės kampinės atramos projektas (2019-12-31 Nr. 19NU-472),/Statybinei daliai/Tipiniai atramų techniniai projekta,https://www.litgrid.eu/index.php/tinklo-pletra/standartiniai-techniniai-reikalavimai/statybine-dalis/tipinis-techninis-projektas/31143
176,https://www.litgrid.eu/uploads/files/dir541/dir27/dir1/13_0.php,330 kV įtampos OL dviejų grandžių inkarinės atramos (posūkio kampas nuo 0 iki 30 laipsnių) projektas  (2019-12-31 Nr. 19NU-472),/Statybinei daliai/Tipiniai atramų techniniai projekta,https://www.litgrid.eu/index.php/tinklo-pletra/standartiniai-techniniai-reikalavimai/statybine-dalis/tipinis-techninis-projektas/31143
177,https://www.litgrid.eu/uploads/files/dir541/dir27/dir1/19_0.php,330 kV įtampos OL dviejų grandžių inkarinės atramos (posūkio kampas nuo 31 iki 60 laipsnių) projektas  (2019-12-31 Nr. 19NU-472),/Statybinei daliai/Tipiniai atramų techniniai projekta,https://www.litgrid.eu/index.php/tinklo-pletra/standartiniai-techniniai-reikalavimai/statybine-dalis/tipinis-techninis-projektas/31143
178,https://www.litgrid.eu/uploads/files/dir542/dir27/dir1/0_0.php,330 kV įtampos OL dviejų grandžių inkarinės atramos (posūkio kampas nuo 61 iki 90 laipsnių) projektas  (2019-12-31 Nr. 19NU-472),/Statybinei daliai/Tipiniai atramų techniniai projekta,https://www.litgrid.eu/index.php/tinklo-pletra/standartiniai-techniniai-reikalavimai/statybine-dalis/tipinis-techninis-projektas/31143
179,https://www.litgrid.eu/uploads/files/dir541/dir27/dir1/18_0.php,330 kV įtampos viengrandės inkarinės atramos (posūkio kampas iki 5 laipsnių) tipinis projektas (2018-12-10 Nr. 18NU-346),/Statybinei daliai/Tipiniai atramų techniniai projekta,https://www.litgrid.eu/index.php/tinklo-pletra/standartiniai-techniniai-reikalavimai/statybine-dalis/tipinis-techninis-projektas/31143
180,https://www.litgrid.eu/uploads/files/dir541/dir27/dir1/17_0.php,330 kV įtampos viengrandės inkarinės atramos (posūkio kampas nuo 6 iki 30 laipsnių) tipinis projektas (2018-12-10 Nr. 18NU-346),/Statybinei daliai/Tipiniai atramų techniniai projekta,https://www.litgrid.eu/index.php/tinklo-pletra/standartiniai-techniniai-reikalavimai/statybine-dalis/tipinis-techninis-projektas/31143
181,https://www.litgrid.eu/uploads/files/dir541/dir27/dir1/16_0.php,330 kV įtampos viengrandės inkarinės atramos (posūkio kampas nuo 31 iki 60 laipsnių) tipinis projektas (2018-12-10 Nr. 18NU-346),/Statybinei daliai/Tipiniai atramų techniniai projekta,https://www.litgrid.eu/index.php/tinklo-pletra/standartiniai-techniniai-reikalavimai/statybine-dalis/tipinis-techninis-projektas/31143
182,https://www.litgrid.eu/uploads/files/dir541/dir27/dir1/15_0.php,330 kV įtampos viengrandės inkarinės atramos (posūkio kampas nuo 61 iki 90 laipsnių) tipinis projektas (2018-12-10 Nr. 18NU-346),/Statybinei daliai/Tipiniai atramų techniniai projekta,https://www.litgrid.eu/index.php/tinklo-pletra/standartiniai-techniniai-reikalavimai/statybine-dalis/tipinis-techninis-projektas/31143
183,https://www.litgrid.eu/uploads/files/dir603/dir30/dir1/15_0.php,Valdomai kamerai,/Apsauginei ir gaisrinei signalzacija,https://www.litgrid.eu/index.php/tinklo-pletra/standartiniai-techniniai-reikalavimai/apsaugine-ir-gaisrine-signalizacija/3961
184,https://www.litgrid.eu/uploads/files/dir603/dir30/dir1/13_0.php,Fiksuotai vidaus vaizdo kamerai,/Apsauginei ir gaisrinei signalzacija,https://www.litgrid.eu/index.php/tinklo-pletra/standartiniai-techniniai-reikalavimai/apsaugine-ir-gaisrine-signalizacija/3961
185,https://www.litgrid.eu/uploads/files/dir603/dir30/dir1/14_0.php,Fiksuotai lauko vaizdo kamerai,/Apsauginei ir gaisrinei signalzacija,https://www.litgrid.eu/index.php/tinklo-pletra/standartiniai-techniniai-reikalavimai/apsaugine-ir-gaisrine-signalizacija/3961
186,https://www.litgrid.eu/uploads/files/dir536/dir26/dir1/0_0.php,Serijinio rakinimo sistemos pakabinamoms spynoms (2019-06-28 Nr. 19NU-222),/Apsauginei ir gaisrinei signalzacija,https://www.litgrid.eu/index.php/tinklo-pletra/standartiniai-techniniai-reikalavimai/apsaugine-ir-gaisrine-signalizacija/3961
187,https://www.litgrid.eu/uploads/files/dir536/dir26/dir1/1_0.php,Serijinio rakinimo sistemos cilindrams (2019-06-28 Nr. 19NU-222),/Apsauginei ir gaisrinei signalzacija,https://www.litgrid.eu/index.php/tinklo-pletra/standartiniai-techniniai-reikalavimai/apsaugine-ir-gaisrine-signalizacija/3961
188,https://www.litgrid.eu/uploads/files/dir553/dir27/dir1/19_0.php,Vaizdo įrašymo įrenginiui (2020-08-25 Nr. 20NU-281),/Apsauginei ir gaisrinei signalzacija,https://www.litgrid.eu/index.php/tinklo-pletra/standartiniai-techniniai-reikalavimai/apsaugine-ir-gaisrine-signalizacija/3961
189,https://www.litgrid.eu/uploads/files/dir536/dir26/dir1/6_0.php,Perimetro sensoriniam kabeliui ir jo valdikliui (2019-04-18 Nr. 19NU-121),/Apsauginei ir gaisrinei signalzacija,https://www.litgrid.eu/index.php/tinklo-pletra/standartiniai-techniniai-reikalavimai/apsaugine-ir-gaisrine-signalizacija/3961
190,https://www.litgrid.eu/uploads/files/dir536/dir26/dir1/7_0.php,Lauko judesio davikliui (2019-04-18 Nr. 19NU-121),/Apsauginei ir gaisrinei signalzacija,https://www.litgrid.eu/index.php/tinklo-pletra/standartiniai-techniniai-reikalavimai/apsaugine-ir-gaisrine-signalizacija/3961
191,https://www.litgrid.eu/uploads/files/dir536/dir26/dir1/8_0.php,Įeigos kontrolės kortelių skaitytuvui (2019-01-09 Nr.19NU- 6),/Apsauginei ir gaisrinei signalzacija,https://www.litgrid.eu/index.php/tinklo-pletra/standartiniai-techniniai-reikalavimai/apsaugine-ir-gaisrine-signalizacija/3961
192,https://www.litgrid.eu/uploads/files/dir536/dir26/dir1/9_0.php,Įeigos konrolės IP kontroleriui (2019-01-09 Nr. NU-6),/Apsauginei ir gaisrinei signalzacija,https://www.litgrid.eu/index.php/tinklo-pletra/standartiniai-techniniai-reikalavimai/apsaugine-ir-gaisrine-signalizacija/3961
193,https://www.litgrid.eu/uploads/files/dir536/dir26/dir1/11_0.php,Magnetiniam kontaktui (2019-01-09 Nr. NU-6),/Apsauginei ir gaisrinei signalzacija,https://www.litgrid.eu/index.php/tinklo-pletra/standartiniai-techniniai-reikalavimai/apsaugine-ir-gaisrine-signalizacija/3961
194,https://www.litgrid.eu/uploads/files/dir536/dir26/dir1/10_0.php,Vidaus judesio davikliui (2019-01-09 Nr. NU-6),/Apsauginei ir gaisrinei signalzacija,https://www.litgrid.eu/index.php/tinklo-pletra/standartiniai-techniniai-reikalavimai/apsaugine-ir-gaisrine-signalizacija/3961
195,https://www.litgrid.eu/uploads/files/dir536/dir26/dir1/12_0.php,Apsauginės signalizacijos centralei (2019-01-09 Nr. NU-6),/Apsauginei ir gaisrinei signalzacija,https://www.litgrid.eu/index.php/tinklo-pletra/standartiniai-techniniai-reikalavimai/apsaugine-ir-gaisrine-signalizacija/3961
196,https://www.litgrid.eu/uploads/files/dir536/dir26/dir1/13_0.php,Rankiniam gaisro pavojaus mygtukui (2018-08-28 Nr. NU-250),/Apsauginei ir gaisrinei signalzacija,https://www.litgrid.eu/index.php/tinklo-pletra/standartiniai-techniniai-reikalavimai/apsaugine-ir-gaisrine-signalizacija/3961
197,https://www.litgrid.eu/uploads/files/dir536/dir26/dir1/14_0.php,Gaisro lauko sirenai (2018-08-28 Nr. NU-250),/Apsauginei ir gaisrinei signalzacija,https://www.litgrid.eu/index.php/tinklo-pletra/standartiniai-techniniai-reikalavimai/apsaugine-ir-gaisrine-signalizacija/3961
198,https://www.litgrid.eu/uploads/files/dir536/dir26/dir1/15_0.php,Gaisro aptikimo davikliams (2018-08-28 Nr. NU-250),/Apsauginei ir gaisrinei signalzacija,https://www.litgrid.eu/index.php/tinklo-pletra/standartiniai-techniniai-reikalavimai/apsaugine-ir-gaisrine-signalizacija/3961
199,https://www.litgrid.eu/uploads/files/dir536/dir26/dir1/16_0.php,Gaisro aptikimo centralei (2018-08-28 Nr. NU-250),/Apsauginei ir gaisrinei signalzacija,https://www.litgrid.eu/index.php/tinklo-pletra/standartiniai-techniniai-reikalavimai/apsaugine-ir-gaisrine-signalizacija/3961
200,https://www.litgrid.eu/uploads/files/dir581/dir29/dir1/2_0.php,Techninio projekto techninių specifikacijų sudarymui (2021-08-13 Nr. 21NU-261),/Techninių projektų specifikacijoms,https://www.litgrid.eu/index.php/tinklo-pletra/standartiniai-techniniai-reikalavimai/techniniu-projektu-specifikacijos/2645
201,https://www.litgrid.eu/uploads/files/dir658/dir32/dir1/7_0.php,Perdavimo tinklo objekto statybos/rekonstravimo dokumentacijos aprašas 2022-12-21 Nr. 22NU-473,/Komisijų dokumentacijai,https://www.litgrid.eu/index.php/tinklo-pletra/standartiniai-techniniai-reikalavimai/komisiju-dokumentacija/2646
202,https://www.litgrid.eu/uploads/files/dir580/dir29/dir1/17_0.php,LITGRID AB reikalavimai techninio projekto sudėčiai (2021-08-13 Nr. 21IS-147),/Techninių projektų sudėčiai,https://www.litgrid.eu/index.php/tinklo-pletra/standartiniai-techniniai-reikalavimai/techninio-projekto-sudeciai/3441
203,https://www.litgrid.eu/uploads/files/dir580/dir29/dir1/18_0.php,8 priedas. Pastabų lentelės pildymo pavyzdys,/Techninių projektų sudėčiai,https://www.litgrid.eu/index.php/tinklo-pletra/standartiniai-techniniai-reikalavimai/techninio-projekto-sudeciai/3441
204,https://www.litgrid.eu/uploads/files/dir571/dir28/dir1/10_0.php,Perdavimo tinklo dalies įrenginių atjungimų grafikas projekto įgyvendinimui,/Atjungimų grafikų formoms,https://www.litgrid.eu/index.php/tinklo-pletra/standartiniai-techniniai-reikalavimai/atjungimu-grafiku-formos/3843
205,https://www.litgrid.eu/uploads/files/dir661/dir33/dir1/1_0.php,"0,4-35 kV kertamųjų OL atjungimų grafiko forma",/Atjungimų grafikų formoms,https://www.litgrid.eu/index.php/tinklo-pletra/standartiniai-techniniai-reikalavimai/atjungimu-grafiku-formos/3843
206,https://www.litgrid.eu/uploads/files/dir449/dir22/dir1/9_0.php,Rekonstrukcijos darbų-atjungimų grafiko forma,/Atjungimų grafikų formoms,https://www.litgrid.eu/index.php/tinklo-pletra/standartiniai-techniniai-reikalavimai/atjungimu-grafiku-formos/3843
207,https://www.litgrid.eu/uploads/files/dir661/dir33/dir1/19_0.php,Minimalūs informacijos saugos reikalavimai paslaugų teikimui,/Informacijos saugai,https://www.litgrid.eu/index.php/tinklo-pletra/standartiniai-techniniai-reikalavimai/informacijos-sauga/31192
208,https://www.litgrid.eu/uploads/files/dir662/dir33/dir1/0_0.php,Minimalūs informacijos saugos reikalavimai projektavimui ir diegimui,/Informacijos saugai,https://www.litgrid.eu/index.php/tinklo-pletra/standartiniai-techniniai-reikalavimai/informacijos-sauga/31192
209,https://www.litgrid.eu/uploads/files/dir588/dir29/dir1/6_0.php,Tipinė projektinių pasiūlymų užduotis 2021-08-12 Nr. 21ĮS-146,/Tipinė projektinių pasiūlymų rengimo užduotis,https://www.litgrid.eu/index.php/tinklo-pletra/standartiniai-techniniai-reikalavimai/projektiniu-pasiulymu-rengimo-uzduotis/31671
210,https://www.litgrid.eu/uploads/files/dir655/dir32/dir1/18_0.php,Pastabų lentelė,/Viešosios konsultacijos,https://www.litgrid.eu/index.php/tinklo-pletra/standartiniai-techniniai-reikalavimai/viesosios-konsultacijos/3886
211,https://www.litgrid.eu/uploads/files/dir655/dir32/dir1/17_0.php,Reikalavimai fotovoltiniams moduliams,/Viešosios konsultacijos,https://www.litgrid.eu/index.php/tinklo-pletra/standartiniai-techniniai-reikalavimai/viesosios-konsultacijos/3886
